{"stats":{"minecraft:picked_up":{"gravestone:obituary":1,"minecraft:grass_block":1},"minecraft:used":{"minecraft:dirt":12,"hexerei:mahogany_broom":1,"minecraft:grass_block":6,"securitycraft:keypad_chest":1,"tconstruct:foundry_controller":5,"tconstruct:smeltery_controller":1,"tconstruct:seared_glass":1},"minecraft:mined":{"gravestone:gravestone":1},"minecraft:custom":{"minecraft:time_since_rest":422,"minecraft:open_chest":6,"minecraft:sprint_one_cm":3937,"minecraft:play_time":17296,"minecraft:deaths":2,"minecraft:walk_one_cm":13159,"minecraft:sneak_time":226,"minecraft:drop":6,"minecraft:jump":116,"minecraft:leave_game":3,"minecraft:time_since_death":399,"minecraft:total_world_time":17296,"minecraft:fly_one_cm":29353},"minecraft:dropped":{"gravestone:obituary":2,"minecraft:dirt":2,"minecraft:grass_block":2}},"DataVersion":3120}