{
  "lightsaber:lightsaber/install": {
    "criteria": {
      "tick": "2024-06-20 06:47:50 +0000"
    },
    "done": true
  },
  "survivalplus:recipes/bamboo_chestplate": {
    "criteria": {
      "has_bamboo": "2024-06-20 06:47:49 +0000"
    },
    "done": true
  },
  "minecraft:recipes/tools/netherite_hoe_smithing": {
    "criteria": {
      "has_netherite_ingot": "2024-06-20 06:55:20 +0000"
    },
    "done": true
  },
  "tconstruct:recipes/tconstruct/general/common/materials/netherite_nugget_from_ingot": {
    "criteria": {
      "has_item": "2024-06-20 06:55:20 +0000"
    },
    "done": true
  },
  "minecraft:recipes/tools/netherite_axe_smithing": {
    "criteria": {
      "has_netherite_ingot": "2024-06-20 06:55:20 +0000"
    },
    "done": true
  },
  "spartanshields:recipes/spartanshields/netherite_tower_shield_smithing": {
    "criteria": {
      "has_netherite_ingot": "2024-06-20 06:55:20 +0000"
    },
    "done": true
  },
  "minecraft:recipes/combat/netherite_sword_smithing": {
    "criteria": {
      "has_netherite_ingot": "2024-06-20 06:55:20 +0000"
    },
    "done": true
  },
  "survivalplus:recipes/titanium_ingot_from_chunks": {
    "criteria": {
      "has_titanium": "2024-06-20 06:47:49 +0000"
    },
    "done": true
  },
  "survivalplus:recipes/titanium_ingot_from_chunks_blasting": {
    "criteria": {
      "has_titanium": "2024-06-20 06:47:49 +0000"
    },
    "done": true
  },
  "securitycraft:recipes/securitycraft/codebreaker": {
    "criteria": {
      "has_nether_star": "2024-06-20 17:35:19 +0000"
    },
    "done": true
  },
  "tconstruct:tools/materials_and_you": {
    "criteria": {
      "crafted_book": "2024-06-20 06:47:50 +0000"
    },
    "done": true
  },
  "dungeons_arise:wda_root": {
    "criteria": {
      "WDA": "2024-06-20 06:47:50 +0000"
    },
    "done": true
  },
  "tconstruct:internal/starting_book": {
    "criteria": {
      "tick": "2024-06-20 06:47:50 +0000"
    },
    "done": true
  },
  "byg:root": {
    "criteria": {
      "tick": "2024-06-20 06:47:50 +0000"
    },
    "done": true
  },
  "survivalplus:recipes/bamboo_helmet": {
    "criteria": {
      "has_bamboo": "2024-06-20 06:47:49 +0000"
    },
    "done": true
  },
  "minecraft:recipes/combat/netherite_helmet_smithing": {
    "criteria": {
      "has_netherite_ingot": "2024-06-20 06:55:20 +0000"
    },
    "done": true
  },
  "tconstruct:recipes/misc/common/glass/vanilla/beacon": {
    "criteria": {
      "has_nether_star": "2024-06-20 17:35:19 +0000"
    },
    "done": true
  },
  "minecraft:recipes/tools/netherite_shovel_smithing": {
    "criteria": {
      "has_netherite_ingot": "2024-06-20 06:55:20 +0000"
    },
    "done": true
  },
  "minecraft:recipes/tools/netherite_pickaxe_smithing": {
    "criteria": {
      "has_netherite_ingot": "2024-06-20 06:55:20 +0000"
    },
    "done": true
  },
  "minecraft:recipes/misc/beacon": {
    "criteria": {
      "has_nether_star": "2024-06-20 17:35:19 +0000"
    },
    "done": true
  },
  "minecraft:adventure/adventuring_time": {
    "criteria": {
      "minecraft:beach": "2024-06-20 06:58:12 +0000",
      "minecraft:river": "2024-06-20 06:58:08 +0000",
      "minecraft:forest": "2024-06-20 06:47:52 +0000"
    },
    "done": false
  },
  "spartanshields:recipes/spartanshields/netherite_basic_shield_smithing": {
    "criteria": {
      "has_netherite_ingot": "2024-06-20 06:55:20 +0000"
    },
    "done": true
  },
  "minecraft:recipes/combat/netherite_leggings_smithing": {
    "criteria": {
      "has_netherite_ingot": "2024-06-20 06:55:20 +0000"
    },
    "done": true
  },
  "tconstruct:recipes/misc/tools/modifiers/wither_bone_conversion": {
    "criteria": {
      "has_bone": "2024-06-20 17:33:46 +0000"
    },
    "done": true
  },
  "minecraft:recipes/building_blocks/netherite_block": {
    "criteria": {
      "has_netherite_ingot": "2024-06-20 06:55:20 +0000"
    },
    "done": true
  },
  "ad_astra:jet_suit": {
    "criteria": {
      "jet_suit": "2024-06-20 17:33:04 +0000"
    },
    "done": true
  },
  "minecraft:recipes/decorations/chest": {
    "criteria": {
      "has_lots_of_items": "2024-06-20 06:54:05 +0000"
    },
    "done": true
  },
  "minecraft:recipes/decorations/shulker_box": {
    "criteria": {
      "has_shulker_shell": "2024-06-20 06:55:30 +0000"
    },
    "done": true
  },
  "minecraft:recipes/combat/netherite_boots_smithing": {
    "criteria": {
      "has_netherite_ingot": "2024-06-20 06:55:20 +0000"
    },
    "done": true
  },
  "travelersbackpack:recipes/travelersbackpack/netherite": {
    "criteria": {
      "has_netherite_ingot": "2024-06-20 06:55:20 +0000"
    },
    "done": true
  },
  "survivalplus:recipes/bamboo_leggings": {
    "criteria": {
      "has_bamboo": "2024-06-20 06:47:49 +0000"
    },
    "done": true
  },
  "survivalplus:survivalplus/install": {
    "criteria": {
      "tick": "2024-06-20 06:47:50 +0000"
    },
    "done": true
  },
  "tconstruct:recipes/tconstruct/smeltery/smeltery/seared/seared_glass_pane": {
    "criteria": {
      "has_item": "2024-06-20 06:53:21 +0000"
    },
    "done": true
  },
  "minecraft:recipes/combat/netherite_chestplate_smithing": {
    "criteria": {
      "has_netherite_ingot": "2024-06-20 06:55:20 +0000"
    },
    "done": true
  },
  "minecraft:recipes/decorations/lodestone": {
    "criteria": {
      "has_netherite_ingot": "2024-06-20 06:55:20 +0000"
    },
    "done": true
  },
  "survivalplus:recipes/bamboo_boots": {
    "criteria": {
      "has_bamboo": "2024-06-20 06:47:49 +0000"
    },
    "done": true
  },
  "minecraft:end/dragon_breath": {
    "criteria": {
      "dragon_breath": "2024-06-20 06:55:45 +0000"
    },
    "done": true
  },
  "mca:recipes/misc/staff_of_life": {
    "criteria": {
      "has_item": "2024-06-20 17:35:19 +0000"
    },
    "done": true
  },
  "survivalplus:survivalplus/root": {
    "criteria": {
      "tick": "2024-06-20 06:47:50 +0000"
    },
    "done": true
  },
  "travelersbackpack:recipes/travelersbackpack/netherite_tier_upgrade": {
    "criteria": {
      "has_netherite_ingot": "2024-06-20 06:55:20 +0000"
    },
    "done": true
  },
  "DataVersion": 3120
}